{
    "AA": [
        55.268501809160384,
        -8.212652640657872,
        -141.33670164871802,
        0.06,
        0.6,
        0
    ],
    "AC": [
        46.44465897581885,
        -8.494579102280978,
        158.6685644302607,
        1.3,
        5,
        0
    ],
    "AG": [
        46.571922105027866,
        -18.541244025733533,
        -19.652088636631134,
        1.5,
        3,
        0
    ],
    "AT": [
        42.449926388214664,
        30.637292327184177,
        -17.247117323922062,
        1.1,
        2,
        0
    ],
    "CA": [
        49.032741192459895,
        -15.331403664445215,
        -43.37978720258171,
        0.9,
        34,
        0
    ],
    "CC": [
        21.17839437905504,
        17.967298718264765,
        -52.23162927533446,
        0.07,
        2.1,
        0
    ],
    "CG": [
        26.278489150123153,
        -5.6034893525364,
        -20.644189455348567,
        1.1,
        1.5,
        0
    ],
    "CT": [
        21.15455527057533,
        -8.68622419280161,
        16.62091946707438,
        1.5,
        3,
        0
    ],
    "GA": [
        43.39566977261621,
        11.294021631168544,
        113.65464724773696,
        0.9,
        6,
        0
    ],
    "GC": [
        -10.578179600862352,
        15.871857614615546,
        203.44530616451377,
        1.2,
        1.275,
        0
    ],
    "GG": [
        55.72907659618447,
        -18.918012610543975,
        20.080217214921294,
        0.07,
        2.1,
        0
    ],
    "GT": [
        46.00899797122409,
        -20.685424920841317,
        -97.62331028826976,
        1.3,
        5,
        0
    ],
    "TA": [
        22.632159852001294,
        -21.656812983088617,
        -8.078592501543735,
        1.1,
        2,
        0
    ],
    "TC": [
        19.120168386824787,
        -19.4072106915572,
        -157.02379746129353,
        0.9,
        6,
        0
    ],
    "TG": [
        27.630151069788084,
        -18.525602133527975,
        54.318273700809556,
        0.9,
        34,
        0
    ],
    "TT": [
        21.510151253894104,
        27.267467300893433,
        136.5892879544247,
        0.06,
        0.6,
        0
    ]
}