{
    "AA": [
        35.40883188573243,
        7.144002549295582,
        -154.0,
        0.06,
        0.6,
        0
    ],
    "AC": [
        33.96192128448205,
        0.087715840079861,
        143.0,
        1.3,
        5,
        0
    ],
    "AG": [
        26.299044164197763,
        4.617823995828052,
        2.0,
        1.5,
        3,
        0
    ],
    "AT": [
        36.239966531206534,
        11.592206170522212,
        0.0,
        1.1,
        2,
        0
    ],
    "CA": [
        32.471260758257124,
        -42.76549235399858,
        -64.0,
        0.9,
        34,
        0
    ],
    "CC": [
        33.79184883074286,
        7.697920007542018,
        -57.0,
        0.07,
        2.1,
        0
    ],
    "CG": [
        34.10700374798,
        9.155110547744462,
        0.0,
        1.1,
        1.5,
        0
    ],
    "CT": [
        26.683975991388934,
        5.352784178969653,
        -2.0,
        1.5,
        3,
        0
    ],
    "GA": [
        36.64289111421633,
        -0.41541550812662775,
        120.0,
        0.9,
        6,
        0
    ],
    "GC": [
        40.04252604221055,
        6.215207264322488,
        180.0,
        1.2,
        1.275,
        0
    ],
    "GG": [
        33.80329782075978,
        6.179383538566478,
        57.0,
        0.07,
        2.1,
        0
    ],
    "GT": [
        34.163262435278014,
        -5.149810426772873,
        -143.0,
        1.3,
        5,
        0
    ],
    "TA": [
        33.22241464358284,
        2.60724796400017,
        0.0,
        1.1,
        2,
        0
    ],
    "TC": [
        37.80475518465625,
        24.711815338015352,
        -120.0,
        0.9,
        6,
        0
    ],
    "TG": [
        35.861882041287664,
        -7.311997650964695,
        64.0,
        0.9,
        34,
        0
    ],
    "TT": [
        35.63512740332394,
        6.586059541221549,
        154.0,
        0.06,
        0.6,
        0
    ]
}