{
    "AA": [
        19.85507726996028,
        35.31922793617755,
        -131.77607572535007,
        0.06,
        0.6,
        0
    ],
    "AC": [
        48.2116103588172,
        -24.26750169654655,
        138.02401897446518,
        1.3,
        5,
        0
    ],
    "AG": [
        27.079860330524493,
        20.563543259365353,
        17.801820080944303,
        1.5,
        3,
        0
    ],
    "AT": [
        23.445817725782323,
        4.500628288664219,
        -28.681013656051736,
        1.1,
        2,
        0
    ],
    "CA": [
        36.2438688562409,
        3.518871605939129,
        -90.31958875942274,
        0.9,
        34,
        0
    ],
    "CC": [
        26.368455242156113,
        -13.120066397104544,
        -44.824483559304014,
        0.07,
        2.1,
        0
    ],
    "CG": [
        4.990031111501683,
        -15.68366409295718,
        17.145645159416766,
        1.1,
        1.5,
        0
    ],
    "CT": [
        -2.0422128814515617,
        -7.207768977606223,
        22.6843734291827,
        1.5,
        3,
        0
    ],
    "GA": [
        14.914855455218593,
        24.93978385174857,
        131.81349765451557,
        0.9,
        6,
        0
    ],
    "GC": [
        26.10723752510423,
        10.111178652021145,
        199.33418013457123,
        1.2,
        1.275,
        0
    ],
    "GG": [
        17.607609795021048,
        -1.6833173368713026,
        55.98521585797032,
        0.07,
        2.1,
        0
    ],
    "GT": [
        41.71940170989964,
        -0.8783829549878575,
        -152.94294708425778,
        1.3,
        5,
        0
    ],
    "TA": [
        32.66313489463214,
        25.793676051141418,
        13.78575754774252,
        1.1,
        2,
        0
    ],
    "TC": [
        40.405533401349416,
        18.119012471442982,
        -106.4766725567095,
        0.9,
        6,
        0
    ],
    "TG": [
        33.369326120536,
        10.906129547339638,
        47.048125416291185,
        0.9,
        34,
        0
    ],
    "TT": [
        63.53455369523721,
        15.329768048821808,
        135.7543817231959,
        0.06,
        0.6,
        0
    ]
}