{
    "AA": [
        35.62,
        7.545989892381325,
        -154.0,
        0.06,
        0.6,
        0
    ],
    "AC": [
        34.4,
        1.1,
        143.0,
        1.3,
        5,
        0
    ],
    "AG": [
        27.588031820848357,
        9.920869292838423,
        2.0,
        1.5,
        3,
        0
    ],
    "AT": [
        31.759358062858702,
        4.121725879891468,
        0.0,
        1.1,
        2,
        0
    ],
    "CA": [
        34.5,
        3.5,
        -64.0,
        0.9,
        34,
        0
    ],
    "CC": [
        33.66005759480569,
        1.1808493156869484,
        -57.0,
        0.07,
        2.1,
        0
    ],
    "CG": [
        29.19664372942327,
        5.495275436149116,
        0.0,
        1.1,
        1.5,
        0
    ],
    "CT": [
        26.49173304487844,
        6.265230255569714,
        -2.0,
        1.5,
        3,
        0
    ],
    "GA": [
        36.9,
        5.157253115857855,
        120.0,
        0.9,
        6,
        0
    ],
    "GC": [
        40.05530607454728,
        5.192109166253936,
        180.0,
        1.2,
        1.275,
        0
    ],
    "GG": [
        33.68877811110506,
        1.8723519652382423,
        57.0,
        0.07,
        2.1,
        0
    ],
    "GT": [
        34.35672978493755,
        1.1,
        -143.0,
        1.3,
        5,
        0
    ],
    "TA": [
        35.8104640502913,
        0.8342240253266576,
        0.0,
        1.1,
        2,
        0
    ],
    "TC": [
        36.7580697189359,
        10.0917056857277,
        -120.0,
        0.9,
        6,
        0
    ],
    "TG": [
        35.19976155015083,
        3.5,
        64.0,
        0.9,
        34,
        0
    ],
    "TT": [
        35.599365988717004,
        7.811231713018004,
        154.0,
        0.06,
        0.6,
        0
    ]
}