{
    "AA": [
        33.660398235682635,
        7.644737606713134,
        -154.0,
        0.06,
        0.6,
        0
    ],
    "AC": [
        34.75465464404136,
        -6.6774949399371435,
        143.0,
        1.3,
        5,
        0
    ],
    "AG": [
        27.5825613347388,
        11.713222698086058,
        2.0,
        1.5,
        3,
        0
    ],
    "AT": [
        30.177840120216,
        3.9939407473632227,
        0.0,
        1.1,
        2,
        0
    ],
    "CA": [
        36.07992637627414,
        32.319519057687025,
        -64.0,
        0.9,
        34,
        0
    ],
    "CC": [
        33.710507873401035,
        2.8534008505139448,
        -357.0,
        0.07,
        2.1,
        0
    ],
    "CG": [
        95.83302766857094,
        8.096689706118767,
        340.0,
        1.1,
        1.5,
        0
    ],
    "CT": [
        271.6908493013433,
        8.5855093795238,
        -42.0,
        1.5,
        3,
        0
    ],
    "GA": [
        36254.201021008615,
        0.7616996323032836,
        120.0,
        0.9,
        6,
        0
    ],
    "GC": [
        39.50343511323325,
        4.599373827682037,
        180.0,
        1.2,
        1.275,
        0
    ],
    "GG": [
        33.51132681059369,
        3.5009294518475493,
        57.0,
        0.07,
        2.1,
        0
    ],
    "GT": [
        342.76491427001645,
        130.45940141050485,
        -14343.0,
        1.3,
        5,
        0
    ],
    "TA": [
        35.74929636890746,
        -0.37967242343613117,
        34.0,
        1.1,
        2,
        0
    ],
    "TC": [
        37.850238115793445,
        16.065491408643922,
        -13420.0,
        0.9,
        6,
        0
    ],
    "TG": [
        33.43682114467256,
        16.304236275755578,
        64345.0,
        0.9,
        34,
        0
    ],
    "TT": [
        35.56172039855827,
        7.81120483467373,
        1544.0,
        0.06,
        0.6,
        0
    ]
}