{
    "AA": [
        57.09070080775322,
        -1.7187927052606033,
        -158.25353766312782,
        0.06,
        0.6,
        0
    ],
    "AC": [
        39.202095069373314,
        -26.40718344159839,
        147.1538992768862,
        1.3,
        5,
        0
    ],
    "AG": [
        48.86818108628218,
        25.86246028253536,
        15.458094763969491,
        1.5,
        3,
        0
    ],
    "AT": [
        2.537452670047525,
        6.808642063688415,
        -27.57839731314126,
        1.1,
        2,
        0
    ],
    "CA": [
        25.192736085311356,
        -0.44475537832736833,
        -64.38597693997256,
        0.9,
        34,
        0
    ],
    "CC": [
        12.44337354827396,
        27.87422376267508,
        -34.18902319088875,
        0.07,
        2.1,
        0
    ],
    "CG": [
        5.81802323173747,
        -15.030574155278348,
        -36.76906972757193,
        1.1,
        1.5,
        0
    ],
    "CT": [
        31.046464080719335,
        34.09182364137742,
        -16.480145383447,
        1.5,
        3,
        0
    ],
    "GA": [
        32.75566164676782,
        -23.724348727183436,
        108.40847407214663,
        0.9,
        6,
        0
    ],
    "GC": [
        50.93933288529791,
        -0.4869162055958469,
        174.3616717529987,
        1.2,
        1.275,
        0
    ],
    "GG": [
        53.86104650450686,
        -8.726737557463936,
        69.82221851967341,
        0.07,
        2.1,
        0
    ],
    "GT": [
        8.796422872884477,
        5.958888366217716,
        -129.26164043027214,
        1.3,
        5,
        0
    ],
    "TA": [
        61.74337058490778,
        15.345689690385607,
        -26.58752577417792,
        1.1,
        2,
        0
    ],
    "TC": [
        63.09689296955476,
        -16.271303593562557,
        -105.50582153630732,
        0.9,
        6,
        0
    ],
    "TG": [
        28.85664359806172,
        22.62487305475851,
        44.501639139088994,
        0.9,
        34,
        0
    ],
    "TT": [
        49.86669384441818,
        24.489163872044937,
        130.14457680145196,
        0.06,
        0.6,
        0
    ]
}