{
    "AA": [
        19.436802201316162,
        -8.984726765327071,
        -166.50447127029105,
        0.06,
        0.6,
        0
    ],
    "AC": [
        42.82320743655205,
        -28.360707765481827,
        107.12834064381815,
        1.3,
        5,
        0
    ],
    "AG": [
        5.590487226069499,
        -31.995112955651535,
        22.65115154523742,
        1.5,
        3,
        0
    ],
    "AT": [
        43.72291681571792,
        -7.733712356727489,
        -24.54088694312017,
        1.1,
        2,
        0
    ],
    "CA": [
        15.706120446743672,
        -10.16201154912635,
        -52.83958814302415,
        0.9,
        34,
        0
    ],
    "CC": [
        8.141960128170084,
        4.206473391450659,
        -398.59464905944634,
        0.07,
        2.1,
        0
    ],
    "CG": [
        82.62722821066347,
        10.77404175243144,
        396.6135869000869,
        1.1,
        1.5,
        0
    ],
    "CT": [
        242.3659316698569,
        -54.72641578775832,
        -53.296147773016905,
        1.5,
        3,
        0
    ],
    "GA": [
        36263.84230906207,
        -29.52130882266506,
        94.41348716038087,
        0.9,
        6,
        0
    ],
    "GC": [
        47.26990069177009,
        -8.872888159640766,
        203.52269622352773,
        1.2,
        1.275,
        0
    ],
    "GG": [
        17.16803369920497,
        -12.368608409922862,
        81.29437231807375,
        0.07,
        2.1,
        0
    ],
    "GT": [
        352.98683200768915,
        133.55025108358643,
        -14339.240933116089,
        1.3,
        5,
        0
    ],
    "TA": [
        61.29190405753101,
        -14.808899233688033,
        40.32729138625003,
        1.1,
        2,
        0
    ],
    "TC": [
        40.04455829958619,
        4.80415506338808,
        -13419.050385983484,
        0.9,
        6,
        0
    ],
    "TG": [
        56.702055789614214,
        30.81927819152807,
        64341.605493680894,
        0.9,
        34,
        0
    ],
    "TT": [
        47.33194357112091,
        -14.758739560409346,
        1579.4002881817369,
        0.06,
        0.6,
        0
    ]
}