{
    "AA": [
        35.5711696117396,
        6.890634613808306,
        -154.0,
        0.06,
        0.6,
        0
    ],
    "AC": [
        34.79615750110944,
        4.5096322323810245,
        143.0,
        1.3,
        5,
        0
    ],
    "AG": [
        27.67875936739616,
        8.122065248716144,
        2.0,
        1.5,
        3,
        0
    ],
    "AT": [
        30.9414419153129,
        4.3224640407357136,
        0.0,
        1.1,
        2,
        0
    ],
    "CA": [
        35.00368503366525,
        31.346469251339528,
        -64.0,
        0.9,
        34,
        0
    ],
    "CC": [
        33.63823040930411,
        1.5449148897894214,
        -57.0,
        0.07,
        2.1,
        0
    ],
    "CG": [
        31.439788384881936,
        4.308625581271208,
        0.0,
        1.1,
        1.5,
        0
    ],
    "CT": [
        27.00059423222416,
        10.079881866144309,
        -2.0,
        1.5,
        3,
        0
    ],
    "GA": [
        37.80554323347128,
        -0.6222109909470932,
        120.0,
        0.9,
        6,
        0
    ],
    "GC": [
        39.49117929137433,
        5.756189791399553,
        180.0,
        1.2,
        1.275,
        0
    ],
    "GG": [
        33.63539739554634,
        1.6900764078367765,
        57.0,
        0.07,
        2.1,
        0
    ],
    "GT": [
        35.396809827145674,
        -3.244649926311316,
        -143.0,
        1.3,
        5,
        0
    ],
    "TA": [
        35.54659724453618,
        -0.21736042861054494,
        0.0,
        1.1,
        2,
        0
    ],
    "TC": [
        37.298712023869584,
        7.806540276896874,
        -120.0,
        0.9,
        6,
        0
    ],
    "TG": [
        33.64235205503076,
        16.078420634593584,
        64.0,
        0.9,
        34,
        0
    ],
    "TT": [
        35.587554700492305,
        7.55693224408024,
        154.0,
        0.06,
        0.6,
        0
    ]
}