{
    "AA": [
        35.656950271680095,
        7.3472644201542,
        -154.0,
        0.06,
        0.6,
        0
    ],
    "AC": [
        34.243252146322206,
        -2.281309636975356,
        143.0,
        1.3,
        5,
        0
    ],
    "AG": [
        27.112003592290463,
        7.831336453115264,
        2.0,
        1.5,
        3,
        0
    ],
    "AT": [
        30.901350448796748,
        4.582942470587286,
        0.0,
        1.1,
        2,
        0
    ],
    "CA": [
        34.02187277785791,
        31.908712313718304,
        -64.0,
        0.9,
        34,
        0
    ],
    "CC": [
        33.68476633752034,
        4.061090765424349,
        -57.0,
        0.07,
        2.1,
        0
    ],
    "CG": [
        29.68347673508411,
        5.629057095746436,
        0.0,
        1.1,
        1.5,
        0
    ],
    "CT": [
        29.144843669517766,
        10.73713376591033,
        -2.0,
        1.5,
        3,
        0
    ],
    "GA": [
        37.60410919120392,
        2.988533611737594,
        120.0,
        0.9,
        6,
        0
    ],
    "GC": [
        40.4561973994724,
        5.979527421037782,
        180.0,
        1.2,
        1.275,
        0
    ],
    "GG": [
        33.7350895877357,
        1.8968062104397665,
        57.0,
        0.07,
        2.1,
        0
    ],
    "GT": [
        34.38129279671772,
        0.9172585380052314,
        -143.0,
        1.3,
        5,
        0
    ],
    "TA": [
        35.89575625895421,
        -0.05015408268974708,
        0.0,
        1.1,
        2,
        0
    ],
    "TC": [
        36.80905098065125,
        6.4546799848545815,
        -120.0,
        0.9,
        6,
        0
    ],
    "TG": [
        33.64832054311464,
        3.0146067223451425,
        64.0,
        0.9,
        34,
        0
    ],
    "TT": [
        35.6691137911135,
        7.500112102960007,
        154.0,
        0.06,
        0.6,
        0
    ]
}