{
    "AA": [
        35.6601373439421,
        6.601155630184583,
        -154.0,
        0.06,
        0.6,
        0
    ],
    "AC": [
        34.36795918179118,
        -3.3822899355708156,
        143.0,
        1.3,
        5,
        0
    ],
    "AG": [
        27.21369869439065,
        8.049117174321879,
        2.0,
        1.5,
        3,
        0
    ],
    "AT": [
        31.24366787215469,
        1.3648406534411541,
        0.0,
        1.1,
        2,
        0
    ],
    "CA": [
        34.45424490523583,
        36.74796940742938,
        -64.0,
        0.9,
        34,
        0
    ],
    "CC": [
        33.64468328205101,
        3.7707312407456492,
        -57.0,
        0.07,
        2.1,
        0
    ],
    "CG": [
        28.89119606965703,
        5.600573010153084,
        0.0,
        1.1,
        1.5,
        0
    ],
    "CT": [
        27.59049900680417,
        10.164877837087506,
        -2.0,
        1.5,
        3,
        0
    ],
    "GA": [
        36.46398458856047,
        10.839118056434781,
        120.0,
        0.9,
        6,
        0
    ],
    "GC": [
        39.50026657926498,
        3.896459685923935,
        180.0,
        1.2,
        1.275,
        0
    ],
    "GG": [
        33.703538274658364,
        2.749001065384628,
        57.0,
        0.07,
        2.1,
        0
    ],
    "GT": [
        33.754802796863444,
        -1.6525156836523798,
        -143.0,
        1.3,
        5,
        0
    ],
    "TA": [
        35.0976205145406,
        -0.6989948347269141,
        0.0,
        1.1,
        2,
        0
    ],
    "TC": [
        37.296105299386795,
        11.243997683133038,
        -120.0,
        0.9,
        6,
        0
    ],
    "TG": [
        34.281042241456944,
        -15.61777779905471,
        64.0,
        0.9,
        34,
        0
    ],
    "TT": [
        35.653853015879065,
        7.470902214216833,
        154.0,
        0.06,
        0.6,
        0
    ]
}