{
    "AA": [
        35.63596517002199,
        7.676110632178214,
        -154.0,
        0.06,
        0.6,
        0
    ],
    "AC": [
        33.26321270857127,
        -3.2222552037227734,
        143.0,
        1.3,
        5,
        0
    ],
    "AG": [
        28.88664742868753,
        10.343505817672154,
        2.0,
        1.5,
        3,
        0
    ],
    "AT": [
        32.50569810428568,
        3.7482408318237836,
        0.0,
        1.1,
        2,
        0
    ],
    "CA": [
        34.29322570625121,
        37.35698826493906,
        -64.0,
        0.9,
        34,
        0
    ],
    "CC": [
        33.67366386524198,
        0.5674291982911427,
        -57.0,
        0.07,
        2.1,
        0
    ],
    "CG": [
        29.160010847591387,
        7.175004441794151,
        0.0,
        1.1,
        1.5,
        0
    ],
    "CT": [
        27.304756906058707,
        7.529278052256569,
        -2.0,
        1.5,
        3,
        0
    ],
    "GA": [
        36.36088301498695,
        9.628030285605988,
        120.0,
        0.9,
        6,
        0
    ],
    "GC": [
        39.97007997845585,
        3.831872411388735,
        180.0,
        1.2,
        1.275,
        0
    ],
    "GG": [
        33.60350194018015,
        2.454364154069971,
        57.0,
        0.07,
        2.1,
        0
    ],
    "GT": [
        34.68687399787612,
        3.810769008083056,
        -143.0,
        1.3,
        5,
        0
    ],
    "TA": [
        36.070376682792286,
        -1.0302448214028046,
        0.0,
        1.1,
        2,
        0
    ],
    "TC": [
        37.59699696169639,
        3.5249139073699025,
        -120.0,
        0.9,
        6,
        0
    ],
    "TG": [
        34.467926444899724,
        12.857094746873663,
        64.0,
        0.9,
        34,
        0
    ],
    "TT": [
        35.58177300169717,
        7.382455591543218,
        154.0,
        0.06,
        0.6,
        0
    ]
}