{
    "AA": [
        78.60397208251746,
        -9.349196569813117,
        -31.378428609888914,
        0.06,
        0.6,
        0
    ],
    "AC": [
        68.25079817284887,
        32.15400451436893,
        -84.54664380618314,
        1.3,
        5,
        0
    ],
    "AG": [
        40.01875553505127,
        -22.710145456222328,
        87.6299807559914,
        1.5,
        3,
        0
    ],
    "AT": [
        54.84291016833676,
        -38.99730482242665,
        24.3409691053061,
        1.1,
        2,
        0
    ],
    "CA": [
        11.107187030210966,
        51.110446959223474,
        -154.33926878101326,
        0.9,
        34,
        0
    ],
    "CC": [
        -59.68495562904265,
        4.522847293351578,
        -193.20794965738588,
        0.07,
        2.1,
        0
    ],
    "CG": [
        -4.014754621399032,
        58.89110362203342,
        54.61623956427745,
        1.1,
        1.5,
        0
    ],
    "CT": [
        -40.85315684501043,
        23.15559281851016,
        -202.359561318175,
        1.5,
        3,
        0
    ],
    "GA": [
        25.78240143431544,
        86.79561389714021,
        124.63694890267212,
        0.9,
        6,
        0
    ],
    "GC": [
        30.67514888203939,
        19.892491596269323,
        325.5549508708244,
        1.2,
        1.275,
        0
    ],
    "GG": [
        111.1741334103429,
        21.641044450163918,
        87.38596260269219,
        0.07,
        2.1,
        0
    ],
    "GT": [
        79.5070749427839,
        14.238610709845883,
        -32.48957638383176,
        1.3,
        5,
        0
    ],
    "TA": [
        20.384364895131938,
        28.97650408645071,
        145.69223621715125,
        1.1,
        2,
        0
    ],
    "TC": [
        87.21674349463068,
        -55.180605310902195,
        -273.17866128380115,
        0.9,
        6,
        0
    ],
    "TG": [
        22.054250712382686,
        21.776954884677355,
        -215.1898316662163,
        0.9,
        34,
        0
    ],
    "TT": [
        -82.79669861006825,
        55.79593083968309,
        100.74592189103278,
        0.06,
        0.6,
        0
    ]
}