{
    "AA": [
        35.61731622669589,
        8.342853787874907,
        -154.0,
        0.06,
        0.6,
        0
    ],
    "AC": [
        33.9810561998371,
        0.03743101704675955,
        143.0,
        1.3,
        5,
        0
    ],
    "AG": [
        25.383665291966484,
        9.92484401584322,
        2.0,
        1.5,
        3,
        0
    ],
    "AT": [
        30.23674563269915,
        1.6133367030743122,
        0.0,
        1.1,
        2,
        0
    ],
    "CA": [
        33.711126362090475,
        103.92739730249619,
        -64.0,
        0.9,
        34,
        0
    ],
    "CC": [
        33.76379980100091,
        3.7301401968718526,
        -57.0,
        0.07,
        2.1,
        0
    ],
    "CG": [
        29.53214354743399,
        5.4470126491483555,
        0.0,
        1.1,
        1.5,
        0
    ],
    "CT": [
        23.882579759242674,
        12.939905414381833,
        -2.0,
        1.5,
        3,
        0
    ],
    "GA": [
        36.684882903787596,
        4.261398091203442,
        120.0,
        0.9,
        6,
        0
    ],
    "GC": [
        41.33676818291503,
        8.081312795588156,
        180.0,
        1.2,
        1.275,
        0
    ],
    "GG": [
        33.509402535747085,
        1.4991496454236106,
        57.0,
        0.07,
        2.1,
        0
    ],
    "GT": [
        33.984030835799885,
        -0.6792852626818813,
        -143.0,
        1.3,
        5,
        0
    ],
    "TA": [
        33.996252455572325,
        1.7755364757926475,
        0.0,
        1.1,
        2,
        0
    ],
    "TC": [
        34.98264079155993,
        14.49483198497001,
        -120.0,
        0.9,
        6,
        0
    ],
    "TG": [
        32.96900316702259,
        31.881967209071167,
        64.0,
        0.9,
        34,
        0
    ],
    "TT": [
        35.578397503365636,
        7.150326299507809,
        154.0,
        0.06,
        0.6,
        0
    ]
}