{
    "AA": [
        35.66751103581668,
        6.883487081203494,
        -154.0,
        0.06,
        0.6,
        0
    ],
    "AC": [
        33.88799032541075,
        0.33042663505036707,
        143.0,
        1.3,
        5,
        0
    ],
    "AG": [
        28.30522375236513,
        9.842496122538646,
        2.0,
        1.5,
        3,
        0
    ],
    "AT": [
        31.450821089076257,
        4.189117277266721,
        0.0,
        1.1,
        2,
        0
    ],
    "CA": [
        33.9653916641998,
        -29.841476821529675,
        -64.0,
        0.9,
        34,
        0
    ],
    "CC": [
        33.541365331146714,
        3.475582326180675,
        -57.0,
        0.07,
        2.1,
        0
    ],
    "CG": [
        29.784475376186613,
        7.400676388516689,
        0.0,
        1.1,
        1.5,
        0
    ],
    "CT": [
        28.236027971648475,
        7.871625421224832,
        -2.0,
        1.5,
        3,
        0
    ],
    "GA": [
        36.55310817274477,
        8.114716110644217,
        120.0,
        0.9,
        6,
        0
    ],
    "GC": [
        39.61937543971034,
        3.9328854436440444,
        180.0,
        1.2,
        1.275,
        0
    ],
    "GG": [
        33.63872951369285,
        3.7473150128259345,
        57.0,
        0.07,
        2.1,
        0
    ],
    "GT": [
        33.41989568909412,
        5.715289934479298,
        -143.0,
        1.3,
        5,
        0
    ],
    "TA": [
        36.018548039381486,
        1.200813178764712,
        0.0,
        1.1,
        2,
        0
    ],
    "TC": [
        36.19952313203298,
        9.091290521270821,
        -120.0,
        0.9,
        6,
        0
    ],
    "TG": [
        34.707419473182995,
        34.489330775930455,
        64.0,
        0.9,
        34,
        0
    ],
    "TT": [
        35.65259927236358,
        7.764710543459767,
        154.0,
        0.06,
        0.6,
        0
    ]
}