{
    "AA": [
        35.671206226282585,
        7.151789725433445,
        -154.0,
        0.06,
        0.6,
        0
    ],
    "AC": [
        33.9436430644908,
        1.659905734074909,
        143.0,
        1.3,
        5,
        0
    ],
    "AG": [
        28.839584159638726,
        10.370699491796152,
        2.0,
        1.5,
        3,
        0
    ],
    "AT": [
        32.143828219120316,
        3.4108441648674264,
        0.0,
        1.1,
        2,
        0
    ],
    "CA": [
        34.24771322068471,
        32.637587857795495,
        -64.0,
        0.9,
        34,
        0
    ],
    "CC": [
        33.60495923636984,
        1.6253591459221106,
        -57.0,
        0.07,
        2.1,
        0
    ],
    "CG": [
        29.883566249024973,
        6.45776153864401,
        0.0,
        1.1,
        1.5,
        0
    ],
    "CT": [
        26.525540964730908,
        8.131473102908892,
        -2.0,
        1.5,
        3,
        0
    ],
    "GA": [
        36.528387357384496,
        6.7324488184148485,
        120.0,
        0.9,
        6,
        0
    ],
    "GC": [
        40.8797272937871,
        4.435964479104992,
        180.0,
        1.2,
        1.275,
        0
    ],
    "GG": [
        33.66296723655553,
        2.9790043428487007,
        57.0,
        0.07,
        2.1,
        0
    ],
    "GT": [
        35.06303883557869,
        -0.890844022786764,
        -143.0,
        1.3,
        5,
        0
    ],
    "TA": [
        35.64024024938477,
        -0.6836430115106817,
        0.0,
        1.1,
        2,
        0
    ],
    "TC": [
        36.018900246050954,
        7.738061316650659,
        -120.0,
        0.9,
        6,
        0
    ],
    "TG": [
        34.05437217292633,
        19.94234349334331,
        64.0,
        0.9,
        34,
        0
    ],
    "TT": [
        35.575118263660784,
        7.283022032677551,
        154.0,
        0.06,
        0.6,
        0
    ]
}