{
    "AA": [
        36.06203316419204,
        6.04092428535172,
        -154.0,
        0.06,
        0.6,
        0
    ],
    "AC": [
        44.74610685288411,
        4.34186664326066,
        143.0,
        1.3,
        5,
        0
    ],
    "AG": [
        29.53522755086644,
        19.600083787705866,
        2.0,
        1.5,
        3,
        0
    ],
    "AT": [
        29.638953275200276,
        -12.341945619064392,
        0.0,
        1.1,
        2,
        0
    ],
    "CA": [
        24.051637587575076,
        -116.18584166283314,
        -64.0,
        0.9,
        34,
        0
    ],
    "CC": [
        33.701321615674296,
        9.765151320758122,
        -57.0,
        0.07,
        2.1,
        0
    ],
    "CG": [
        17.807455618998272,
        6.00984684665076,
        0.0,
        1.1,
        1.5,
        0
    ],
    "CT": [
        30.0306884686945,
        51.52213810446435,
        -2.0,
        1.5,
        3,
        0
    ],
    "GA": [
        31.315621402287803,
        17.445932193684165,
        120.0,
        0.9,
        6,
        0
    ],
    "GC": [
        49.994076110424466,
        -5.657711282160454,
        180.0,
        1.2,
        1.275,
        0
    ],
    "GG": [
        33.783116099591325,
        -2.8709864253014876,
        57.0,
        0.07,
        2.1,
        0
    ],
    "GT": [
        14.492564690587084,
        -26.559390212251095,
        -143.0,
        1.3,
        5,
        0
    ],
    "TA": [
        39.016080035558964,
        4.6563373137017665,
        0.0,
        1.1,
        2,
        0
    ],
    "TC": [
        45.72392026552346,
        6.913630410739663,
        -120.0,
        0.9,
        6,
        0
    ],
    "TG": [
        27.467435892355972,
        98.31665848780392,
        64.0,
        0.9,
        34,
        0
    ],
    "TT": [
        35.74939555760429,
        -2.214354044187048,
        154.0,
        0.06,
        0.6,
        0
    ]
}