{
    "AA": [
        29.20791192494335,
        9.373823008105493,
        -146.38897778943644,
        0.06,
        0.6,
        0
    ],
    "AC": [
        53.89274340386983,
        14.3980616215401,
        138.54222857747985,
        1.3,
        5,
        0
    ],
    "AG": [
        29.847300532953806,
        30.59221887865497,
        29.90149611289761,
        1.5,
        3,
        0
    ],
    "AT": [
        53.18194351639611,
        24.870363766687454,
        21.294375197654063,
        1.1,
        2,
        0
    ],
    "CA": [
        13.65323230591455,
        26.084815344817862,
        -76.3404434450599,
        0.9,
        34,
        0
    ],
    "CC": [
        12.66794632025998,
        30.33101991216862,
        -374.9468099347214,
        0.07,
        2.1,
        0
    ],
    "CG": [
        68.34218626929857,
        22.002984467319376,
        332.76857435934926,
        1.1,
        1.5,
        0
    ],
    "CT": [
        287.3356398395896,
        7.021501548474104,
        -22.702875707666514,
        1.5,
        3,
        0
    ],
    "GA": [
        36241.261595568474,
        -3.9680593747571615,
        119.9815743769783,
        0.9,
        6,
        0
    ],
    "GC": [
        29.63604171006444,
        1.8584023009878408,
        158.91747060413547,
        1.2,
        1.275,
        0
    ],
    "GG": [
        22.552618737322263,
        -18.37257046069933,
        32.57937386080475,
        0.07,
        2.1,
        0
    ],
    "GT": [
        325.8999935252883,
        148.88645332412693,
        -14352.811339577796,
        1.3,
        5,
        0
    ],
    "TA": [
        21.180253097054248,
        -20.303172209013965,
        57.001787478060564,
        1.1,
        2,
        0
    ],
    "TC": [
        48.86438791398419,
        -20.00933862104333,
        -13396.502017258286,
        0.9,
        6,
        0
    ],
    "TG": [
        36.81429145788086,
        28.234893065103755,
        64353.8485798126,
        0.9,
        34,
        0
    ],
    "TT": [
        59.41456487951013,
        29.577139013986557,
        1538.925526386218,
        0.06,
        0.6,
        0
    ]
}