{
    "AA": [
        35.584206806484545,
        21.049980746524323,
        -308.0,
        0.06,
        0.6,
        0
    ],
    "AC": [
        34.22084134389781,
        6.357589028948505,
        286.0,
        1.3,
        5,
        0
    ],
    "AG": [
        28.17673161324669,
        23.937771407147416,
        4.0,
        1.5,
        3,
        0
    ],
    "AT": [
        32.39319026875856,
        4.2674179790025715,
        0.0,
        1.1,
        2,
        0
    ],
    "CA": [
        34.6142262235337,
        65.25214176433538,
        -128.0,
        0.9,
        34,
        0
    ],
    "CC": [
        33.737993621590284,
        7.400674497495737,
        -114.0,
        0.07,
        2.1,
        0
    ],
    "CG": [
        29.900485599407137,
        14.439746643382103,
        0.0,
        1.1,
        1.5,
        0
    ],
    "CT": [
        28.048773785021424,
        19.121705166668193,
        -8.0,
        1.5,
        3,
        0
    ],
    "GA": [
        37.3020689479577,
        23.012867887610845,
        240.0,
        0.9,
        6,
        0
    ],
    "GC": [
        40.56498046003751,
        10.446458425858978,
        360.0,
        1.2,
        1.275,
        0
    ],
    "GG": [
        33.68327632811014,
        3.3517655897715937,
        171.0,
        0.07,
        2.1,
        0
    ],
    "GT": [
        34.52093591675629,
        7.292127609982764,
        -429.0,
        1.3,
        5,
        0
    ],
    "TA": [
        35.93435968845606,
        1.5719310598089873,
        0.0,
        1.1,
        2,
        0
    ],
    "TC": [
        36.442602029575745,
        16.303662646185042,
        -240.0,
        0.9,
        6,
        0
    ],
    "TG": [
        35.05835948611752,
        13.242809909161938,
        128.0,
        0.9,
        34,
        0
    ],
    "TT": [
        35.59860799237128,
        14.399577760816552,
        308.0,
        0.06,
        0.6,
        0
    ]
}