{
    "AA": [
        35.60387509844398,
        6.615329064540245,
        -154.0,
        0.06,
        0.6,
        0
    ],
    "AC": [
        32.45055592996992,
        -4.581314079213167,
        143.0,
        1.3,
        5,
        0
    ],
    "AG": [
        28.202523781827665,
        6.368424138413115,
        2.0,
        1.5,
        3,
        0
    ],
    "AT": [
        31.679992063110898,
        5.511066818288956,
        0.0,
        1.1,
        2,
        0
    ],
    "CA": [
        36.91158472406519,
        61.138308851835795,
        -64.0,
        0.9,
        34,
        0
    ],
    "CC": [
        33.636574929926155,
        2.7534842174396896,
        -357.0,
        0.07,
        2.1,
        0
    ],
    "CG": [
        30.30437026915923,
        7.922825525612641,
        340.0,
        1.1,
        1.5,
        0
    ],
    "CT": [
        29.138934504796886,
        8.683174168656523,
        -2.0,
        1.5,
        3,
        0
    ],
    "GA": [
        36254.271250419944,
        5.405465970878816,
        120.0,
        0.9,
        6,
        0
    ],
    "GC": [
        39.523933802521654,
        6.88684821873592,
        180.0,
        1.2,
        1.275,
        0
    ],
    "GG": [
        33.607445936770866,
        5.583689220452847,
        57.0,
        0.07,
        2.1,
        0
    ],
    "GT": [
        344.10685476781794,
        133.85331125168642,
        -14343.0,
        1.3,
        5,
        0
    ],
    "TA": [
        33.91609685053945,
        -0.15087613237302122,
        34.0,
        1.1,
        2,
        0
    ],
    "TC": [
        35.91092048865986,
        1.9002416885821098,
        -120.0,
        0.9,
        6,
        0
    ],
    "TG": [
        34.38448724402001,
        -37.75539686870354,
        64345.0,
        0.9,
        34,
        0
    ],
    "TT": [
        35.6909632619335,
        6.865603557525942,
        154.0,
        0.06,
        0.6,
        0
    ]
}