{
    "AA": [
        35.30633062605316,
        7.300805247703632,
        -154.0,
        0.06,
        0.6,
        0
    ],
    "AC": [
        33.29437101400752,
        -6.645185248533355,
        143.0,
        1.3,
        5,
        0
    ],
    "AG": [
        31.279569847651125,
        21.440453655794954,
        2.0,
        1.5,
        3,
        0
    ],
    "AT": [
        25.380421108992252,
        0.5677435277784526,
        0.0,
        1.1,
        2,
        0
    ],
    "CA": [
        39.60391644331455,
        100.9235434391212,
        -64.0,
        0.9,
        34,
        0
    ],
    "CC": [
        33.941657867378325,
        3.4702138203765465,
        -57.0,
        0.07,
        2.1,
        0
    ],
    "CG": [
        30.880049880242613,
        7.768463912692974,
        0.0,
        1.1,
        1.5,
        0
    ],
    "CT": [
        30.394999783617077,
        3.0469971471539212,
        -2.0,
        1.5,
        3,
        0
    ],
    "GA": [
        35.964147860196,
        -2.535087223933229,
        120.0,
        0.9,
        6,
        0
    ],
    "GC": [
        37.08836929909317,
        7.970406422872403,
        180.0,
        1.2,
        1.275,
        0
    ],
    "GG": [
        33.32808924600947,
        1.8050456606877683,
        57.0,
        0.07,
        2.1,
        0
    ],
    "GT": [
        33.87488680910465,
        -0.8674946261464065,
        -143.0,
        1.3,
        5,
        0
    ],
    "TA": [
        31.351754582310875,
        10.283023638007538,
        0.0,
        1.1,
        2,
        0
    ],
    "TC": [
        37.39934870137727,
        14.688210330969088,
        -120.0,
        0.9,
        6,
        0
    ],
    "TG": [
        33.90540047452172,
        173.0846666350838,
        64.0,
        0.9,
        34,
        0
    ],
    "TT": [
        35.46187512755317,
        9.955673747185136,
        154.0,
        0.06,
        0.6,
        0
    ]
}