{
    "AA": [
        35.60978989240398,
        7.667051222570596,
        -154.0,
        0.06,
        0.6,
        0
    ],
    "AC": [
        34.85187972452229,
        5.065319302567959,
        143.0,
        1.3,
        5,
        0
    ],
    "AG": [
        27.177430669040245,
        10.988159114828646,
        2.0,
        1.5,
        3,
        0
    ],
    "AT": [
        30.841890519760724,
        3.9502041742091216,
        0.0,
        1.1,
        2,
        0
    ],
    "CA": [
        35.16471665869795,
        29.56515476129681,
        -64.0,
        0.9,
        34,
        0
    ],
    "CC": [
        33.66978126909179,
        2.1916736946601136,
        -57.0,
        0.07,
        2.1,
        0
    ],
    "CG": [
        30.453524362071377,
        8.101006707130216,
        0.0,
        1.1,
        1.5,
        0
    ],
    "CT": [
        26.80030402542741,
        7.089266379115156,
        -2.0,
        1.5,
        3,
        0
    ],
    "GA": [
        36.05396365011673,
        4.947256256852231,
        120.0,
        0.9,
        6,
        0
    ],
    "GC": [
        40.28127858976786,
        5.721730662097281,
        180.0,
        1.2,
        1.275,
        0
    ],
    "GG": [
        33.62748478438219,
        3.546936276726828,
        57.0,
        0.07,
        2.1,
        0
    ],
    "GT": [
        33.10031099387531,
        6.020942411107507,
        -143.0,
        1.3,
        5,
        0
    ],
    "TA": [
        36.031032482755926,
        -0.9377747561822547,
        0.0,
        1.1,
        2,
        0
    ],
    "TC": [
        37.15620665206017,
        6.076695199937361,
        -120.0,
        0.9,
        6,
        0
    ],
    "TG": [
        34.79120702455619,
        25.776578496527804,
        64.0,
        0.9,
        34,
        0
    ],
    "TT": [
        35.61515349977879,
        6.825674220282895,
        154.0,
        0.06,
        0.6,
        0
    ]
}