{
    "AA": [
        35.62269553015216,
        7.571776995713607,
        -154.0,
        0.06,
        0.6,
        0
    ],
    "AC": [
        35.325549931551855,
        2.355885748107474,
        143.0,
        1.3,
        5,
        0
    ],
    "AG": [
        27.46025138888461,
        10.452814357773788,
        2.0,
        1.5,
        3,
        0
    ],
    "AT": [
        31.5,
        2.6,
        0.0,
        1.1,
        2,
        0
    ],
    "CA": [
        34.725516317406566,
        26.262778471326655,
        -64.0,
        0.9,
        34,
        0
    ],
    "CC": [
        33.69792528452833,
        2.41380882784785,
        -57.0,
        0.07,
        2.1,
        0
    ],
    "CG": [
        30.220884581048885,
        6.673574312591614,
        0.0,
        1.1,
        1.5,
        0
    ],
    "CT": [
        28.570285543500102,
        8.453180894645746,
        -2.0,
        1.5,
        3,
        0
    ],
    "GA": [
        36.36578006448886,
        0.7201171600509442,
        120.0,
        0.9,
        6,
        0
    ],
    "GC": [
        39.27416222699636,
        4.427959124851583,
        180.0,
        1.2,
        1.275,
        0
    ],
    "GG": [
        33.61176593833865,
        3.2866459232495213,
        57.0,
        0.07,
        2.1,
        0
    ],
    "GT": [
        33.12112952421399,
        -0.9679659281125783,
        -143.0,
        1.3,
        5,
        0
    ],
    "TA": [
        35.07414104112971,
        -1.0047430975770761,
        0.0,
        1.1,
        2,
        0
    ],
    "TC": [
        36.9,
        5.3,
        -120,
        0.9,
        6,
        0
    ],
    "TG": [
        35.392312972379436,
        3.5,
        64.0,
        0.9,
        34,
        0
    ],
    "TT": [
        35.57597624503925,
        7.617347827354971,
        154.0,
        0.06,
        0.6,
        0
    ]
}