{
    "AA": [
        33.60264143173796,
        7.205026792875483,
        -154.0,
        0.06,
        0.6,
        0
    ],
    "AC": [
        33.42114610385439,
        -1.6299759466677481,
        143.0,
        1.3,
        5,
        0
    ],
    "AG": [
        27.303341022224515,
        8.999065900386967,
        2.0,
        1.5,
        3,
        0
    ],
    "AT": [
        32.374674536656364,
        4.991842523499249,
        0.0,
        1.1,
        2,
        0
    ],
    "CA": [
        36.10297404514838,
        28.493619022714704,
        -64.0,
        0.9,
        34,
        0
    ],
    "CC": [
        33.56784564543485,
        1.7601270470844614,
        -357.0,
        0.07,
        2.1,
        0
    ],
    "CG": [
        95.27058842395455,
        7.942027458714296,
        340.0,
        1.1,
        1.5,
        0
    ],
    "CT": [
        273.5753941236432,
        7.134180539806489,
        -42.0,
        1.5,
        3,
        0
    ],
    "GA": [
        36254.6853896935,
        8.036692018788262,
        120.0,
        0.9,
        6,
        0
    ],
    "GC": [
        40.30190358218883,
        6.23305666133655,
        180.0,
        1.2,
        1.275,
        0
    ],
    "GG": [
        33.60021981206893,
        5.426813063689321,
        57.0,
        0.07,
        2.1,
        0
    ],
    "GT": [
        343.7041578942022,
        135.8292267810777,
        -14343.0,
        1.3,
        5,
        0
    ],
    "TA": [
        34.22763501846905,
        1.9894324687107336,
        34.0,
        1.1,
        2,
        0
    ],
    "TC": [
        36.16903046730818,
        0.7147104067245555,
        -13420.0,
        0.9,
        6,
        0
    ],
    "TG": [
        34.69905680358439,
        -28.64037435646504,
        64345.0,
        0.9,
        34,
        0
    ],
    "TT": [
        35.65635701599044,
        7.449227452896315,
        1544.0,
        0.06,
        0.6,
        0
    ]
}