{

    "AA": [

        35.599513616986535,

        6.648113058472178,

        -154.0,

        0.06,

        0.6,

        0

    ],

    "AC": [

        33.87260149471234,

        3.173963493547235,

        143.0,

        1.3,

        5,

        0

    ],

    "AG": [

        26.447665219335995,

        8.70125332588096,

        2.0,

        1.5,

        3,

        0

    ],

    "AT": [

        31.36046971740989,

        2.6251424608344673,

        0.0,

        1.1,

        2,

        0

    ],

    "CA": [

        34.487947461687526,

        30.533239479598983,

        -64.0,

        0.9,

        34,

        0

    ],

    "CC": [

        33.635305948404415,

        1.7632465793241479,

        -57.0,

        0.07,

        2.1,

        0

    ],

    "CG": [

        30.332605701192712,

        6.773109384950376,

        0.0,

        1.1,

        1.5,

        0

    ],

    "CT": [

        28.138283335827865,

        9.913889926791647,

        -2.0,

        1.5,

        3,

        0

    ],

    "GA": [

        36.348397612482046,

        4.712382265290236,

        120.0,

        0.9,

        6,

        0

    ],

    "GC": [

        38.89374397367007,

        4.5226725381011175,

        180.0,

        1.2,

        1.275,

        0

    ],

    "GG": [

        33.673487522878766,

        2.3174964251008516,

        57.0,

        0.07,

        2.1,

        0

    ],

    "GT": [

        34.36541021742722,

        1.559571571748457,

        -143.0,

        1.3,

        5,

        0

    ],

    "TA": [

        35.084436518083535,

        2.761989405608439,

        0.0,

        1.1,

        2,

        0

    ],

    "TC": [

        37.35537073039377,

        7.726621855025564,

        -120.0,

        0.9,

        6,

        0

    ],

    "TG": [

        35.31902256235994,

        27.24169555508533,

        64.0,

        0.9,

        34,

        0

    ],

    "TT": [

        35.64874238186071,

        7.4100667232790665,

        154.0,

        0.06,

        0.6,

        0

    ]

}

 