{
    "AA": [
        35.62,
        7.221270680123417,
        -154.0,
        0.06,
        0.6,
        0
    ],
    "AC": [
        35.141687074982904,
        1.1319936094997431,
        143.0,
        1.3,
        5,
        0
    ],
    "AG": [
        26.91231617541756,
        5.75690355901027,
        2.0,
        1.5,
        3,
        0
    ],
    "AT": [
        31.5,
        2.250381648443322,
        0,
        1.1,
        2,
        0
    ],
    "CA": [
        35.12605170801143,
        3.5,
        -64.0,
        0.9,
        34,
        0
    ],
    "CC": [
        33.60759589136148,
        2.096482558733085,
        -57.0,
        0.07,
        2.1,
        0
    ],
    "CG": [
        30.346638845134834,
        6.7,
        0,
        1.1,
        1.5,
        0
    ],
    "CT": [
        27.7,
        8.4,
        -2.0,
        1.5,
        3,
        0
    ],
    "GA": [
        37.701699665329194,
        7.4243105976447685,
        120,
        0.9,
        6,
        0
    ],
    "GC": [
        40,
        5,
        180.0,
        1.2,
        1.275,
        0
    ],
    "GG": [
        33.685363961713264,
        2.566586036593295,
        57.0,
        0.07,
        2.1,
        0
    ],
    "GT": [
        34.4,
        2.0924238993932858,
        -143,
        1.3,
        5,
        0
    ],
    "TA": [
        36,
        -0.39185985837817716,
        0.0,
        1.1,
        2,
        0
    ],
    "TC": [
        36.918659644113674,
        5.3,
        -120.0,
        0.9,
        6,
        0
    ],
    "TG": [
        34.5,
        6.800303563588194,
        64.0,
        0.9,
        34,
        0
    ],
    "TT": [
        35.63049051458558,
        7.785205659429768,
        154,
        0.06,
        0.6,
        0
    ]
}