{
    "AA": [
        35.60894255154349,
        7.962029789067537,
        -154.0,
        0.06,
        0.6,
        0
    ],
    "AC": [
        34.4,
        -1.5403015249229797,
        143.0,
        1.3,
        5,
        0
    ],
    "AG": [
        27.703523439851935,
        8.4,
        2.0,
        1.5,
        3,
        0
    ],
    "AT": [
        32.5070584176959,
        3.6432112541509247,
        0.0,
        1.1,
        2,
        0
    ],
    "CA": [
        34.10294927969461,
        16.19547305303091,
        -64.0,
        0.9,
        34,
        0
    ],
    "CC": [
        33.6125167619318,
        2.1,
        -57.0,
        0.07,
        2.1,
        0
    ],
    "CG": [
        29.53573252874071,
        6.7,
        0.0,
        1.1,
        1.5,
        0
    ],
    "CT": [
        27.7,
        6.030269431642923,
        -2.0,
        1.5,
        3,
        0
    ],
    "GA": [
        37.316388921684975,
        5.3,
        120.0,
        0.9,
        6,
        0
    ],
    "GC": [
        40,
        4.2196718483850155,
        180.0,
        1.2,
        1.275,
        0
    ],
    "GG": [
        33.64979009043448,
        2.1031467589868886,
        57.0,
        0.07,
        2.1,
        0
    ],
    "GT": [
        33.895057271141475,
        1.556576953991938,
        -143.0,
        1.3,
        5,
        0
    ],
    "TA": [
        36.13351729984209,
        1.3352696462815925,
        0.0,
        1.1,
        2,
        0
    ],
    "TC": [
        36.9,
        10.537073398151328,
        -120.0,
        0.9,
        6,
        0
    ],
    "TG": [
        34.4353025558064,
        3.5,
        64.0,
        0.9,
        34,
        0
    ],
    "TT": [
        35.62145487284867,
        7.7605723532076505,
        154.0,
        0.06,
        0.6,
        0
    ]
}