{
    "AA": [
        35.37488038908276,
        12.565574106429018,
        -154.0,
        0.06,
        0.6,
        0
    ],
    "AC": [
        24.656843628027975,
        -10.596408726762657,
        143.0,
        1.3,
        5,
        0
    ],
    "AG": [
        28.864013018749162,
        19.215701038905774,
        2.0,
        1.5,
        3,
        0
    ],
    "AT": [
        29.554155342716943,
        6.577657326091363,
        0.0,
        1.1,
        2,
        0
    ],
    "CA": [
        39.37966772480744,
        25.79552441202095,
        -64.0,
        0.9,
        34,
        0
    ],
    "CC": [
        33.213849642624055,
        -4.862474183233533,
        -57.0,
        0.07,
        2.1,
        0
    ],
    "CG": [
        32.542099028341035,
        11.051583916961416,
        0.0,
        1.1,
        1.5,
        0
    ],
    "CT": [
        21.72791379182069,
        16.419444882806427,
        -2.0,
        1.5,
        3,
        0
    ],
    "GA": [
        32.65110339495052,
        2.3884811161487605,
        120.0,
        0.9,
        6,
        0
    ],
    "GC": [
        41.71764969281265,
        -0.0431129536573292,
        180.0,
        1.2,
        1.275,
        0
    ],
    "GG": [
        32.870080053963925,
        6.897833906944093,
        57.0,
        0.07,
        2.1,
        0
    ],
    "GT": [
        33.95898553587281,
        -1.4361402203626294,
        -143.0,
        1.3,
        5,
        0
    ],
    "TA": [
        37.723252781368764,
        -1.539230146282914,
        0.0,
        1.1,
        2,
        0
    ],
    "TC": [
        37.53422255535939,
        -1.1334294699018326,
        -120.0,
        0.9,
        6,
        0
    ],
    "TG": [
        32.73020410360432,
        12.772742379129113,
        64.0,
        0.9,
        34,
        0
    ],
    "TT": [
        35.443751509815066,
        7.896319528599371,
        154.0,
        0.06,
        0.6,
        0
    ]
}