{
    "AA": [
        32.790148993364504,
        -90.24104757478402,
        -193.01950736674897,
        0.06,
        0.6,
        0
    ],
    "AC": [
        33.54592106543579,
        -33.92996838233742,
        115.69092002009344,
        1.3,
        5,
        0
    ],
    "AG": [
        29.454448432283048,
        -0.3889416000758974,
        -6.210969800175761,
        1.5,
        3,
        0
    ],
    "AT": [
        7.09033131365085,
        69.92113200452285,
        -12.210976782008117,
        1.1,
        2,
        0
    ],
    "CA": [
        81.29971663607213,
        -59.35800403697324,
        -134.20753589930024,
        0.9,
        34,
        0
    ],
    "CC": [
        58.071525559263975,
        -56.86767339140691,
        -365.18556321512335,
        0.07,
        2.1,
        0
    ],
    "CG": [
        60.748097540041144,
        47.96955957189009,
        386.2749316117396,
        1.1,
        1.5,
        0
    ],
    "CT": [
        258.3973065925597,
        -82.84229519025021,
        -0.8812066576030553,
        1.5,
        3,
        0
    ],
    "GA": [
        36292.20916087089,
        74.74519260375229,
        109.49973534245038,
        0.9,
        6,
        0
    ],
    "GC": [
        34.67629063291839,
        -89.00808795203295,
        143.3034571307836,
        1.2,
        1.275,
        0
    ],
    "GG": [
        52.61511351481623,
        -33.16758633457303,
        86.23213147148849,
        0.07,
        2.1,
        0
    ],
    "GT": [
        347.0716983209264,
        204.50613850088973,
        -14343.103911300292,
        1.3,
        5,
        0
    ],
    "TA": [
        45.57192063584864,
        32.900965301749835,
        26.715988416813605,
        1.1,
        2,
        0
    ],
    "TC": [
        49.957657133110565,
        195.26224199108606,
        -13394.611856254352,
        0.9,
        6,
        0
    ],
    "TG": [
        39.47755661962732,
        44.27872906100539,
        64347.42502772585,
        0.9,
        34,
        0
    ],
    "TT": [
        -39.18799881429521,
        -13.243797251675456,
        1537.9698371640495,
        0.06,
        0.6,
        0
    ]
}