{
    "AA": [
        33.606456273336896,
        7.313053052566122,
        -154.0,
        0.06,
        0.6,
        0
    ],
    "AC": [
        34.45789183810624,
        1.9514094606728718,
        143.0,
        1.3,
        5,
        0
    ],
    "AG": [
        26.00609147952831,
        10.621274230469115,
        2.0,
        1.5,
        3,
        0
    ],
    "AT": [
        30.9889521490964,
        3.1288179536577214,
        0.0,
        1.1,
        2,
        0
    ],
    "CA": [
        36.658823471095495,
        17.454218469491103,
        -64.0,
        0.9,
        34,
        0
    ],
    "CC": [
        33.69152801315037,
        2.460806149992057,
        -357.0,
        0.07,
        2.1,
        0
    ],
    "CG": [
        96.63826477962341,
        5.383291588578006,
        340.0,
        1.1,
        1.5,
        0
    ],
    "CT": [
        271.9829553968608,
        10.239507249236839,
        -42.0,
        1.5,
        3,
        0
    ],
    "GA": [
        36254.324774768895,
        -3.1427586303459276,
        120.0,
        0.9,
        6,
        0
    ],
    "GC": [
        40.07960864410067,
        5.431811598529366,
        180.0,
        1.2,
        1.275,
        0
    ],
    "GG": [
        33.51421762580189,
        0.014372368996169893,
        57.0,
        0.07,
        2.1,
        0
    ],
    "GT": [
        343.6673790644695,
        139.66773214895247,
        -14343.0,
        1.3,
        5,
        0
    ],
    "TA": [
        34.94000450075864,
        -0.2520190580009606,
        34.0,
        1.1,
        2,
        0
    ],
    "TC": [
        36.94062670540557,
        1.4394675473792113,
        -13420.0,
        0.9,
        6,
        0
    ],
    "TG": [
        35.84829959716963,
        -53.34161560768364,
        64345.0,
        0.9,
        34,
        0
    ],
    "TT": [
        35.641433847116126,
        6.984849666021666,
        1544.0,
        0.06,
        0.6,
        0
    ]
}