{
    "AA": [
        35.74014370399446,
        5.445439146863598,
        -154.0,
        0.06,
        0.6,
        0
    ],
    "AC": [
        33.34764137774626,
        -11.36410366140121,
        143.0,
        1.3,
        5,
        0
    ],
    "AG": [
        25.250563541154758,
        9.76121953858452,
        2.0,
        1.5,
        3,
        0
    ],
    "AT": [
        32.04604394567805,
        3.777952564888445,
        0.0,
        1.1,
        2,
        0
    ],
    "CA": [
        33.628386755075134,
        3.321711714591949,
        -64.0,
        0.9,
        34,
        0
    ],
    "CC": [
        33.637412180431745,
        8.420319699545285,
        -57.0,
        0.07,
        2.1,
        0
    ],
    "CG": [
        28.1566101518058,
        9.25283820660468,
        0.0,
        1.1,
        1.5,
        0
    ],
    "CT": [
        25.65392567734426,
        6.25608455264396,
        -2.0,
        1.5,
        3,
        0
    ],
    "GA": [
        38.72415348952201,
        10.115791108201535,
        120.0,
        0.9,
        6,
        0
    ],
    "GC": [
        41.15704938707991,
        3.468692650548145,
        180.0,
        1.2,
        1.275,
        0
    ],
    "GG": [
        33.61034360344511,
        -1.431509627215608,
        57.0,
        0.07,
        2.1,
        0
    ],
    "GT": [
        35.46122288410859,
        4.706827701999572,
        -143.0,
        1.3,
        5,
        0
    ],
    "TA": [
        35.36085170540782,
        -2.8222304520918486,
        0.0,
        1.1,
        2,
        0
    ],
    "TC": [
        38.090206055330725,
        14.038948655699967,
        -120.0,
        0.9,
        6,
        0
    ],
    "TG": [
        34.842871197598434,
        3.5,
        64.0,
        0.9,
        34,
        0
    ],
    "TT": [
        35.46136736762917,
        7.332656384230037,
        154.0,
        0.06,
        0.6,
        0
    ]
}